n,seq_time,par_time
1000000,0.0849661,0.0859676
