n,seq_time,par_time
10000,0.000574133,0.00321006
