n,seq_time,par_time
100000,0.00717103,0.0170857
